Image_id,Label
id_02mh3w48pmyc9.jpg,0
id_02rpb463h9d3w.jpg,0
id_02wc3jeeao8ol.jpg,1
id_04xrxyd43rlgz.jpg,0
id_082w0qygo3eth.jpg,0
id_09v3am3ppzesz.jpg,0
id_0ff2fm63gzxvs.jpg,0
id_0g00jpbynmgfr.jpg,0
id_0gur3rc3nuft9.jpg,0
id_0klqzvk8id4bt.jpg,0
id_0mytnx3vd7ebk.jpg,0
id_0qm8i331u09jq.jpg,0
id_0qrjnjx2nbbde.jpg,0
id_0t41fhqaaqux9.jpg,0
id_0t7gw6z26pabf.jpg,0
id_0unlhj59tv0p4.jpg,0
id_0wq0ldha65pkf.jpg,0
id_0wtod6711rn7r.jpg,0
id_0xb2nvq2kqdst.jpg,1
id_0yb73f56l5r4f.jpg,0
id_0z6gb99lwj01f.jpg,0
id_0ztqu05sh2a8j.jpg,0
id_10gekjcx26yu7.jpg,0
id_10zte1vif5nq3.jpg,0
id_11udz3qrokt8s.jpg,0
id_16cotxnq0qoa6.jpg,0
id_16kyc2v7gg2cv.jpg,0
id_17nhiabonivgh.jpg,0
id_1929lmm4i1olb.jpg,0
id_1bkd7wk2x3qds.jpg,0
id_1bnj4jbcfelxr.jpg,0
id_1du8gb49isxwn.jpg,0
id_1fwjbyp28sdqg.jpg,0
id_1gamgfhw43oby.jpg,0
id_1jk5fy4vj6kxg.jpg,0
id_1keam3gcvhfnd.jpg,0
id_1kkfldth8byr4.jpg,0
id_1mb869zqr4cmo.jpg,0
id_1mdnyyzz0buu5.jpg,0
id_1n554tmxcu1k3.jpg,0
id_1qeac2n7jqsyj.jpg,0
id_1qjurgfppscz1.jpg,0
id_1qxqknirypi5t.jpg,0
id_1vs968ctltm2y.jpg,0
id_1ynzo9yq6w15a.jpg,0
id_217nkv6cbfd44.jpg,0
id_21aad1havjimk.jpg,1
id_254e4szhl2wyk.jpg,0
id_25avlu92voe3x.jpg,0
id_25xzbsm43n7is.jpg,0
id_26il6x5rwo0zb.jpg,0
id_28fipkyzgipxf.jpg,0
id_2aamri2iv9w13.jpg,0
id_2blnm1hgro2me.jpg,0
id_2d4nk63pjusym.jpg,0
id_2gjj671qxdhwv.jpg,0
id_2i42d174umdfy.jpg,0
id_2ifxqcozzjca2.jpg,0
id_2ivuxsdi6eq56.jpg,0
id_2m2ma1ksfdhdp.jpg,0
id_2n09tgq9m8n2q.jpg,0
id_2o6w8xtqx8m7r.jpg,0
id_2p9lr3yt64dt9.jpg,0
id_2r3pobs77lx4t.jpg,0
id_2tc5ktzzqiddr.jpg,0
id_2v38yeskbis7w.jpg,0
id_2wko61n9utak2.jpg,0
id_2wnqzf67pxv4o.jpg,0
id_2wogde7nabi75.jpg,0
id_2xhaay1w9lg2x.jpg,1
id_2xnjxuiilwldh.jpg,0
id_2yfpgjvapv71v.jpg,0
id_30wlu5w2n3x6j.jpg,1
id_32sk2pu27t3d1.jpg,0
id_39kceoxojnl1t.jpg,0
id_3a2466r2f98ok.jpg,0
id_3b2ib40xj4v5f.jpg,0
id_3bopcjuydd165.jpg,0
id_3fl84h2y62abk.jpg,0
id_3furtaxilc2c3.jpg,1
id_3gllyun0pd7wu.jpg,0
id_3gosl9cz9r38a.jpg,0
id_3ih6v6u1zmq86.jpg,0
id_3iii466us1pbf.jpg,0
id_3mdpb04xe5jmg.jpg,0
id_3puzp48lduc2o.jpg,1
id_3sglmjvizby80.jpg,0
id_3swluxt7575l3.jpg,0
id_3tciiq7d5ph0e.jpg,0
id_3tco3dj81z8mv.jpg,0
id_3v4ein4owpdy2.jpg,0
id_3vrmbnarq30pa.jpg,0
id_3xyaaakk3g6qi.jpg,0
id_3y25uuoa3cpiq.jpg,0
id_42andomtpiaty.jpg,0
id_438spihs750kh.jpg,0
id_46lzh8j99xcdy.jpg,0
id_48cwtgvigr91u.jpg,0
id_48rzpbnfrzlwr.jpg,0
id_49gwmty0b1z46.jpg,0
id_49q4tviwi0uaz.jpg,1
id_4agr1n38y0k1v.jpg,0
id_4cpjk7d64g38r.jpg,0
id_4dao9agpczwx9.jpg,0
id_4eu01gzyod4mq.jpg,0
id_4ewzo696r8kzv.jpg,0
id_4fbmgifuy7hwe.jpg,0
id_4g2pugodyee9l.jpg,1
id_4gueixwndhcp0.jpg,0
id_4hacz306vpwds.jpg,1
id_4hdkije8c3u4t.jpg,0
id_4ld2ct048brn9.jpg,0
id_4lw0j4q0kmj27.jpg,0
id_4prjr1ax0nqxm.jpg,0
id_4qidre5ysenp5.jpg,0
id_4qjf4zounabr6.jpg,1
id_4rjsdxbraz64q.jpg,0
id_4t1cz4qdzskre.jpg,0
id_4u5s51m37267a.jpg,0
id_4ur6zld0ovojy.jpg,1
id_4w8zhtp6qeivn.jpg,0
id_4xn38czhose5a.jpg,0
id_4xpfy7yyf90kr.jpg,0
id_4z4m6vfn3hlsu.jpg,0
id_4zntk189zs5ww.jpg,0
id_50ztmmzeqexzu.jpg,0
id_512el3j6w3ve9.jpg,0
id_517x0jtn5bapq.jpg,0
id_5188qo9zn5rnz.jpg,0
id_53i453nv3r7xq.jpg,0
id_5442m2c4hipai.jpg,0
id_547a423knr3vf.jpg,0
id_5509c5odsuxcb.jpg,0
id_55vvw3rumi972.jpg,0
id_5805ijtk30mjz.jpg,0
id_58o3gikmrtkba.jpg,1
id_59t6rtalzj3zb.jpg,0
id_5by9qvpxev9d5.jpg,0
id_5c21yvpd8ssmm.jpg,0
id_5evz1akr0gh64.jpg,0
id_5g6k2dxvd9h2e.jpg,0
id_5i0rrexeb7s7e.jpg,0
id_5ii6r0q32r1fc.jpg,0
id_5luv25r1skc26.jpg,0
id_5q1tqncnggvj4.jpg,0
id_5qee8v2h8aeuj.jpg,0
id_5qh5850963tkj.jpg,0
id_5qwvuk71zfxkb.jpg,0
id_5riby4jh3w2tt.jpg,0
id_5stbaum72zla5.jpg,0
id_5zmy54ix4csdt.jpg,1
id_60b82e4efcdef.jpg,0
id_623ny8w6lm68f.jpg,0
id_67b1whj5cnpka.jpg,0
id_67zieejer9lbq.jpg,0
id_683idvwvv7gxl.jpg,0
id_6alozjlrb754q.jpg,0
id_6b4kb9mbedysn.jpg,0
id_6dneosc4jt18y.jpg,0
id_6j0c712gzs11m.jpg,0
id_6j47ob6dyzt3c.jpg,0
id_6jx17kch9d89x.jpg,0
id_6md4kpn4v238y.jpg,1
id_6ntwxnxrb0jvo.jpg,0
id_6o9265kuq2gj6.jpg,0
id_6ocw6ebiyni1s.jpg,1
id_6oolke9155yfk.jpg,0
id_6owdj1e5x3r7s.jpg,0
id_6q3v16yz1z4qg.jpg,0
id_6tick650ccw0i.jpg,0
id_6tpewabrdmrk1.jpg,0
id_6u12fsztm6j0b.jpg,0
id_6u3jww201hnvu.jpg,0
id_6uq4ch18hugde.jpg,0
id_6v4pcmq943hir.jpg,1
id_6vj1e12x3t6ps.jpg,0
id_6vrxyfp80t66m.jpg,0
id_6y6jt4e79isup.jpg,0
id_6zej86vjl2ig2.jpg,0
id_6zu039j1wbu71.jpg,0
id_71m9s7wr15pj5.jpg,0
id_734crksk17onh.jpg,1
id_743i8dikg5j64.jpg,0
id_75m6xiajgrdsz.jpg,0
id_760i3w9rzz3md.jpg,0
id_77xufx5ybem6a.jpg,0
id_78y8rknbyuffz.jpg,0
id_7gtr3u2vnecl7.jpg,0
id_7h9cczfvzifni.jpg,0
id_7he06tv7sexxf.jpg,0
id_7hhdpoe0zphec.jpg,0
id_7ihrnacrl4xz5.jpg,0
id_7iyn3rfwzi3wn.jpg,0
id_7j3mkhdkztmze.jpg,0
id_7jfh9x6f027u8.jpg,0
id_7jv7er6lzmx05.jpg,0
id_7l4tgkilmlqpv.jpg,0
id_7lf4zamn1rejf.jpg,0
id_7mn9nhitss3pw.jpg,0
id_7mnfjuvdif8af.jpg,0
id_7nmu9sidre8eb.jpg,0
id_7rcn63xndkvjo.jpg,0
id_7s6etq1ytiqu7.jpg,0
id_7szjpzeuf5iir.jpg,0
id_7z1c7gcqw6440.jpg,0
id_84o1mcr8sfxek.jpg,0
id_86cu7flegyugt.jpg,0
id_8a8gdnliuudhk.jpg,0
id_8c1c8yws2w0dj.jpg,0
id_8cqxt083fw7tt.jpg,0
id_8czxo8ayd0zm0.jpg,0
id_8dbzhi77rbox2.jpg,0
id_8fmm5wb3u3wx8.jpg,0
id_8g6535daydnzy.jpg,0
id_8hrxykaeqe3in.jpg,0
id_8kiiaxakmtz7x.jpg,0
id_8lu3jv00bgt54.jpg,0
id_8m3d0k7q2pjus.jpg,0
id_8oufs7mool8xl.jpg,0
id_8q6zpkddbg8kh.jpg,0
id_8uwrhngwwkxkg.jpg,0
id_8vsbj5q7q7mi4.jpg,0
id_8xpbm7ds4mx3a.jpg,0
id_90g5fcjujpus0.jpg,1
id_93i7iunfqrcev.jpg,0
id_94inoyrs28i5u.jpg,0
id_953jy1ugemp46.jpg,0
id_95d1zstc3ah40.jpg,0
id_96snotywikcue.jpg,0
id_98h62ceb2eh6s.jpg,0
id_98ltjfmj9ph3k.jpg,0
id_9aeil3tlvlwa2.jpg,0
id_9mq4x0z23trbh.jpg,0
id_9otcxavdwi147.jpg,0
id_9ppo1mptopnvf.jpg,1
id_9qy13yxb71anm.jpg,0
id_9rhpv2uvvv1zk.jpg,0
id_9x8mzxzbt50iy.jpg,0
id_9yskv5fw96mwl.jpg,0
id_a3sxq7nfuzsk2.jpg,0
id_a403s8ungh64f.jpg,0
id_a5fxx27925aup.jpg,0
id_a5m56ansfqile.jpg,0
id_a8w2umfowm1bz.jpg,0
id_a94il3stybo5t.jpg,0
id_aalh9b0uleg7d.jpg,0
id_aan0so590ucat.jpg,0
id_ab4q8hnmfb1oj.jpg,0
id_ac0ocsauzdiov.jpg,0
id_aebzqosighquw.jpg,0
id_afj837sfbkspg.jpg,0
id_ag78ldpe8hqd1.jpg,1
id_ahssj5raiklai.jpg,0
id_aiobjkxqfvfui.jpg,0
id_aiymnmy0u1pbu.jpg,0
id_aj2y163yhuxh4.jpg,0
id_ajlj3ihzivimr.jpg,0
id_akedqimdlwsah.jpg,0
id_alu5zupxl985u.jpg,0
id_am0vgxhemb5ol.jpg,0
id_ameo30zgat95c.jpg,0
id_ammlp7u66sklu.jpg,0
id_aodyvpl1u7mh6.jpg,0
id_aor83k4x2qd70.jpg,0
id_ap29eype5vlzo.jpg,0
id_arj9up80ge8se.jpg,1
id_asm0jde2fuh5n.jpg,0
id_au6qnwzseymqr.jpg,0
id_avxl22e9slqb6.jpg,0
id_azh9y72jsn7ks.jpg,0
id_b0afqt1dxbw4p.jpg,0
id_b1gt26s0d9bb1.jpg,0
id_b252czkcyqexe.jpg,0
id_b3mqc7ajzoprh.jpg,0
id_b6kmxymf8tf5k.jpg,0
id_b84eujsg5ccbf.jpg,0
id_b8w0grut633a5.jpg,0
id_bamhtmr8dwgat.jpg,0
id_beaxln4a4jg9o.jpg,0
id_betc05qcfvde7.jpg,1
id_bfr9jwpw9szgx.jpg,0
id_bg0nbkcilicdc.jpg,0
id_bhcpdpvbid3eq.jpg,0
id_bkbvbgmvmulgn.jpg,0
id_bmnp0jr1pp25e.jpg,1
id_bpy1ggcriqpfk.jpg,0
id_bqdkogmm2dmvs.jpg,0
id_brab764hularp.jpg,0
id_bt2dzh4gzpe3x.jpg,0
id_bt2eld999zumf.jpg,0
id_btbjwasw2zeui.jpg,0
id_bvppw9fvkdhbh.jpg,0
id_bvq7k9m1onkl7.jpg,0
id_bw85yk1npdfrz.jpg,0
id_bw8au80rh4ncu.jpg,1
id_bwkrzpgxg3chf.jpg,0
id_byagkuvk4diu8.jpg,0
id_byxcqfailboq0.jpg,0
id_bzcrt5g6h2w7m.jpg,0
id_c0s7dl840zn01.jpg,0
id_c1i74usx3upwm.jpg,0
id_c1jbrkxdhvuip.jpg,0
id_c2kjaxnx8a876.jpg,0
id_c3sjw089bw1dx.jpg,0
id_c4otx5eybyeeh.jpg,0
id_c5ikr6syi8k6n.jpg,0
id_c7eoqsg92i6wb.jpg,0
id_c7pm0tru19bhn.jpg,0
id_c7q7drtuc7oow.jpg,1
id_c81gd4luodn1h.jpg,1
id_c88v5tryviaaw.jpg,0
id_c947k7bdeighe.jpg,0
id_c9b854hcigj34.jpg,0
id_cdug7qpik3p17.jpg,0
id_cfpak4f94miui.jpg,0
id_cgybh1l8m3zp0.jpg,0
id_ciarmfxgnwczp.jpg,0
id_cl8tsriktn8p5.jpg,0
id_clyar53vq6mbj.jpg,0
id_cm3a1bx1dr9rf.jpg,0
id_cn22sssqux1sz.jpg,0
id_cnqt61b9yn84z.jpg,0
id_cp54h1kdzct0f.jpg,0
id_cwj7bppsfrh7b.jpg,0
id_czw7lje4dcgqs.jpg,0
id_d16hwmowwlps1.jpg,0
id_d48gktk7tww3t.jpg,0
id_d5atvgsvr78lx.jpg,0
id_d6qf0z13why65.jpg,0
id_d8gvs6d9bzxgf.jpg,1
id_d9v4lt50u5rp8.jpg,0
id_delkwjq2a9kmx.jpg,0
id_dh28zc9hpar4i.jpg,0
id_dkluop4pdaks7.jpg,0
id_dkqx69e6nblr7.jpg,0
id_dmic7csaxcbdn.jpg,1
id_dml4btktt6ntn.jpg,0
id_dq2gvebs0scf0.jpg,0
id_dq4nsbftkpetp.jpg,0
id_dq6yfxngck7t9.jpg,0
id_dqhve8zxho4bs.jpg,0
id_dqmnb9lvbl6bc.jpg,0
id_dqp2mwfsa9v9x.jpg,0
id_dr1twya6mjani.jpg,0
id_drots20o2k0m9.jpg,0
id_dtfo94857hcbu.jpg,0
id_dtqygc51jo775.jpg,0
id_dub314rps0oor.jpg,1
id_dxkkvosbnpsro.jpg,0
id_dxqji2ntskg75.jpg,1
id_e08106jtf03mc.jpg,0
id_e3ahoaaztoyvx.jpg,0
id_e3orq5tv582mu.jpg,0
id_e51xcrr7x10qp.jpg,0
id_e5ojnfaxfdcst.jpg,0
id_e7ue61f73sbiv.jpg,0
id_e9c7jspn2hnba.jpg,0
id_e9ggdj6cp5gzo.jpg,0
id_ea16ilol57n4g.jpg,0
id_eabsgou02rfya.jpg,1
id_eec0fz99kys75.jpg,0
id_eggq4w4yebub8.jpg,0
id_eh1n13gi64dry.jpg,0
id_ehfe3rgc4h8wp.jpg,1
id_ej25ezuyyvnh0.jpg,0
id_elq5cy0poxe6k.jpg,0
id_emdxo5bmtxzeq.jpg,0
id_envr2oi1l3pwv.jpg,0
id_eobqr753c6vko.jpg,0
id_eoxbmheg6a8aj.jpg,0
id_ep55wuxo5zqge.jpg,0
id_eqygh2pv26wgr.jpg,0
id_etb6s9d7gw2yg.jpg,0
id_ex0ozykicq0zs.jpg,0
id_ey7c5za56b96z.jpg,0
id_eyahzitqptkj8.jpg,0
id_ez27fhlo6cacu.jpg,0
id_ezn3igfi3c9aq.jpg,0
id_f0ajdub9j5zu1.jpg,0
id_f0gxjcj6j2cjb.jpg,0
id_f0ngeqgd5pz38.jpg,1
id_f0ynv1j9fwb9k.jpg,0
id_f1fy2d0gs2ad3.jpg,0
id_f5sota314971s.jpg,0
id_f7vst89z8u1iq.jpg,0
id_f8hdrwb8xtd8z.jpg,0
id_f9zq0x13u5jg9.jpg,0
id_fbg8o03wq6arr.jpg,0
id_fee3rbhzqjtkl.jpg,0
id_few0gq7m1rh2v.jpg,1
id_fg5btvwbiydqm.jpg,0
id_fgc3oint0acaw.jpg,0
id_fh2kwgq3m4xdi.jpg,0
id_fh59xi8v78vid.jpg,0
id_fk1gfeklea27a.jpg,1
id_fkbursnmd6lhy.jpg,0
id_fly1qvjfosena.jpg,0
id_fqkgorbkkrjqu.jpg,0
id_frho7cme1l7n3.jpg,0
id_frq0fxqr9d42k.jpg,1
id_fuawwlx605mxc.jpg,0
id_fugwd25lx65fu.jpg,0
id_fvq5bzvbyud0y.jpg,0
id_fz8sramfobbi7.jpg,0
id_g3yopo5mtks2e.jpg,0
id_g74x1hpxdr51q.jpg,0
id_g7bgjaimf6x2m.jpg,0
id_gb4qbx23rlt3d.jpg,0
id_gbm4lo5r3cly1.jpg,0
id_gcsivi1wczv2n.jpg,0
id_ge6fwz5xy29wz.jpg,1
id_gevhzxyn8wdpf.jpg,0
id_gfzdzhxp4ngud.jpg,0
id_ggjatx47cgjgf.jpg,0
id_ghqjgeaeohrim.jpg,0
id_gi5gwtdc78jsh.jpg,0
id_ginlv8ok6hjte.jpg,1
id_gn0dxk8nwivp0.jpg,0
id_go1k2meo24748.jpg,0
id_go3tyjsegwsma.jpg,0
id_gqywqz124048w.jpg,0
id_gsw7k8f8rn89n.jpg,0
id_gt6m3o6sd4w46.jpg,0
id_gthh5q3vkp6fg.jpg,0
id_gvszwlq5bvzzv.jpg,0
id_gw0fmlzpz3u7e.jpg,0
id_gwbrip9x1c6qk.jpg,0
id_gwoxv96o62srh.jpg,0
id_h2pt183yx80kb.jpg,0
id_hbm5vt1po49os.jpg,0
id_hbu95lixz4si5.jpg,0
id_he22icb9mcjda.jpg,0
id_hf12k9fychc0q.jpg,0
id_hgj4e1danbuyp.jpg,0
id_hglswmq355xj9.jpg,0
id_hi5opocy2t54m.jpg,0
id_hkvzxg3mlxt8k.jpg,0
id_hlj0rx66i2by2.jpg,0
id_hpekhprillfrg.jpg,0
id_hq46xkjkr2282.jpg,0
id_hrjgzmwcxdghb.jpg,0
id_ht8jmp4ey85rn.jpg,0
id_hvckaj6mecxcc.jpg,0
id_hx29ld93eqovc.jpg,0
id_hx34qf46b3pit.jpg,1
id_hxg512d8mjs0w.jpg,0
id_hxyyjhpsp42ye.jpg,0
id_i00do6l0o9za7.jpg,0
id_i0cpgzmd3ukgf.jpg,0
id_i2i6p6cbd7gc6.jpg,0
id_i2sq1rqsbzu4o.jpg,0
id_i3pkjy5rz1dn6.jpg,0
id_i9c7ufalyilql.jpg,0
id_iaygau3734z76.jpg,0
id_ibnu1oick4wb9.jpg,0
id_ibtzuusgneb7f.jpg,0
id_ics4zzgl3cun9.jpg,0
id_igotyoa7e34kh.jpg,0
id_igqgwh6x3iwtw.jpg,0
id_igw8l8x8d6mxy.jpg,0
id_ih7uxadn8kaho.jpg,0
id_ihhx6ehjh4ez1.jpg,0
id_ii5dtqx4xkggy.jpg,0
id_ii7a2uio99ep4.jpg,0
id_iizntfytlvjt9.jpg,0
id_ilteikrk3uu5x.jpg,0
id_imeai99v6lxu0.jpg,0
id_inhpkqw9mepy5.jpg,0
id_ipsounf63s34u.jpg,0
id_iqf31146kx0ew.jpg,0
id_irzhdfdv8vl0u.jpg,1
id_ite4ftmwnpv2v.jpg,0
id_iun0mlalhiaxj.jpg,0
id_ivlgx5jwwytfw.jpg,0
id_iw80t4wti1d1f.jpg,0
id_ix89122pdtv24.jpg,0
id_ixy1xfvdnvgz0.jpg,0
id_iy7lcgeemkiej.jpg,0
id_j12vau3j5xcsf.jpg,0
id_j6ak1sgqdl061.jpg,0
id_j6wqos8a1qsdp.jpg,1
id_j7w0m22pg4tyg.jpg,0
id_j7zthxs15mjsv.jpg,0
id_j9goz4q0aogw6.jpg,0
id_jbwdsxbwyfbw1.jpg,0
id_jcs6j34gli9z2.jpg,0
id_jky2nl23l5syp.jpg,0
id_jlbv50rsebrvs.jpg,0
id_joqt40k2wodry.jpg,0
id_jr50petp6c80l.jpg,0
id_jugcl3qmo46x5.jpg,0
id_jvfpr557t6464.jpg,1
id_jwhkf97qp1p67.jpg,0
id_jwjiu40q0w4c6.jpg,0
id_jxksq1uttzxd1.jpg,0
id_jyosz9niuiwp8.jpg,0
id_k16p2x5ho9nqn.jpg,0
id_k1l1rcv3yjf0b.jpg,0
id_k1ujm45lm3ob6.jpg,0
id_k4kei1ztdmou8.jpg,0
id_k4o54dezzast8.jpg,0
id_k4wcvzibn3vwp.jpg,0
id_k71qe83p5vs01.jpg,0
id_k7onz06kvbmwn.jpg,0
id_kcyxhq5j9baae.jpg,0
id_ke5tsr8dm5yzm.jpg,0
id_kej7y3wqoxrfn.jpg,1
id_kf6i0vjvch27n.jpg,0
id_kfgwjhev5jme1.jpg,0
id_kfsjh1c8gl153.jpg,0
id_kh7hyqz3hxrzq.jpg,0
id_khdl5bcbapunj.jpg,0
id_khn895co777n9.jpg,0
id_kih8rjma49opm.jpg,0
id_knalu4wqj8zol.jpg,0
id_ksfsufhhezanq.jpg,0
id_kw6qtxkwb06wh.jpg,1
id_kxir2wfcyithy.jpg,0
id_kxqn8dxwisimd.jpg,0
id_kydbg8aoxr7d9.jpg,0
id_l0ixbvwq85220.jpg,0
id_l1edp9a84mmi8.jpg,1
id_l4ryeo0gfdzcu.jpg,0
id_l5cpo597vptk5.jpg,0
id_l8aborzv867pc.jpg,0
id_lb089f8m2ntoo.jpg,0
id_lbm3hvcv05cvg.jpg,0
id_lfdpo1bnkd163.jpg,0
id_lfk0ge46n0bye.jpg,0
id_lhek1lg1em2rw.jpg,0
id_lja1hypyj1w43.jpg,0
id_lknkqfxhdozm1.jpg,0
id_ll6z9xzsud4ix.jpg,0
id_lmxht9utayqde.jpg,0
id_lp4lvg9kqqsdm.jpg,0
id_lsixkp5df0ik9.jpg,0
id_lw8tw4w9dke2h.jpg,0
id_lyd5m8ffmqmcz.jpg,1
id_lzqteskv0wkoe.jpg,0
id_m0c7m33j0ji1a.jpg,0
id_m18qhzwwzwzfu.jpg,0
id_m44kiji628895.jpg,0
id_m4rvt7xk4o500.jpg,0
id_m4yhsb94ydp1d.jpg,1
id_m5bqmwt8jn00b.jpg,0
id_m6aqbb1wolqou.jpg,0
id_m7hfatxbaak99.jpg,0
id_maue1bbx4igux.jpg,0
id_mdcqj5ujh82gq.jpg,0
id_meqd1otqe3e3s.jpg,0
id_mfod9pfs17y4q.jpg,0
id_mgyrblep19lxb.jpg,0
id_mhgx9hbqseje4.jpg,0
id_mhwsjzmaacaeu.jpg,0
id_micmqems98pps.jpg,0
id_mj1nud27n3jmr.jpg,0
id_mk8l6y03hk7wc.jpg,0
id_mkw641kyr44pw.jpg,0
id_mnlynro31eg4o.jpg,0
id_mo6h1betddzww.jpg,1
id_moldmtn85ogzs.jpg,0
id_mp1ghka4k49u7.jpg,0
id_mp9rvtsgcbma6.jpg,0
id_mt96ikl3ma7hn.jpg,0
id_mtzxt7oqvgxjz.jpg,0
id_mupfnye1hfcbm.jpg,1
id_mv17msxvxm93c.jpg,0
id_mvk2ufe6ozfkf.jpg,0
id_mwxowr4gx32gd.jpg,0
id_mwzvqq0v75unh.jpg,0
id_n0c97hjq5j8xs.jpg,0
id_n102pptl67892.jpg,1
id_n1m3zan9ye09t.jpg,0
id_n1zv0dhs6ash8.jpg,0
id_n8vqxwspbr1kc.jpg,0
id_n8xnqx8olmteb.jpg,0
id_nar76lo6flkkt.jpg,0
id_nc8tryokalj7h.jpg,0
id_ncnclx9py6t4g.jpg,0
id_nd5wm30lzo8uf.jpg,0
id_neu8685lzvtk3.jpg,0
id_ng6obm73ht371.jpg,0
id_nggxx21zzbhpo.jpg,0
id_ngu3721bg8p3x.jpg,0
id_nht6wadgptjtl.jpg,0
id_nmufggtmcmbm9.jpg,0
id_nnwq5wcuada28.jpg,0
id_no00r8b11xvdy.jpg,1
id_noci1hr2u19cp.jpg,0
id_nprlf5w1x4onk.jpg,0
id_nsjjyitwouzcp.jpg,0
id_nuyz7ndtc4pfy.jpg,1
id_nxp6d4nr9zmkp.jpg,1
id_nxthr92m5gsw6.jpg,0
id_ny2nyfsba6w3e.jpg,0
id_nz4wdm78gkkgc.jpg,0
id_o0bt4byin7znn.jpg,0
id_o1bx9cyds1f0u.jpg,0
id_o1fuh9fqw3706.jpg,0
id_o1x74llbeobdt.jpg,0
id_o20agna9okztq.jpg,0
id_o3gml8twrqodw.jpg,0
id_o6cnd11rn4rq6.jpg,0
id_o6cplvkwh9l94.jpg,0
id_o9geiqe3p59ur.jpg,0
id_o9k8glusd3smu.jpg,0
id_ob8r7knkqaxoz.jpg,0
id_oc755vtoxap4e.jpg,0
id_oc83c2ipgun81.jpg,1
id_ocalkg1tde1rf.jpg,0
id_oceuntxf3w5ls.jpg,0
id_odtnugdfj6ru4.jpg,0
id_ogqb4vfxlzl9h.jpg,0
id_ojovdzt0iwqm2.jpg,0
id_ol05xhxsodi72.jpg,0
id_oliuws81qvj7v.jpg,0
id_om32lawwigx9t.jpg,0
id_omdvqjf1ubgbd.jpg,0
id_on429d1h0x0o7.jpg,0
id_opcs2nek37cp8.jpg,0
id_oqt1uyrzy2uql.jpg,0
id_otp2yszq6x6yq.jpg,0
id_oxklns7bzac7t.jpg,1
id_p0pna27fxxyqk.jpg,0
id_p1l7vcbvombnb.jpg,0
id_p3g5ui7mo43qq.jpg,0
id_p5idkli3gy24q.jpg,0
id_p8r5b992t2ev9.jpg,0
id_pb1nv9t4e6qh8.jpg,0
id_pcyrkmeq309gv.jpg,0
id_pg7to98xw1lxl.jpg,1
id_pgheebzqj1477.jpg,0
id_pi2cyxbopv52z.jpg,0
id_pj7lq4o5in1hg.jpg,0
id_pl1s8y9tzrq9i.jpg,0
id_pluo1hk6z6fs2.jpg,0
id_pn1r9qkhu9566.jpg,0
id_ppykr0nhj0w99.jpg,1
id_pq0vn9yyam6s6.jpg,0
id_pthnvt4do806c.jpg,0
id_pto0nbdr34jco.jpg,0
id_pv22q3cqkwrc0.jpg,0
id_pv52t7gaj2zej.jpg,1
id_px346gkjviqi5.jpg,1
id_px3z0axgt3mac.jpg,0
id_py29dkwm3cb7w.jpg,0
id_pzm1ra86stmno.jpg,0
id_q0qre5p4u1ho5.jpg,0
id_q187zxgcs1alw.jpg,0
id_q1h3z7woejqja.jpg,0
id_q21p78wyt4eg6.jpg,0
id_q3ovf6rztrryi.jpg,0
id_q60dmnxu9cgjl.jpg,0
id_q7p5dac3tv71k.jpg,0
id_qbkjodxmru88r.jpg,1
id_qed98fxjw5zba.jpg,0
id_qgnbheymczve5.jpg,0
id_qhwmadxygmlow.jpg,0
id_qi7of1jyzwz99.jpg,0
id_qiwnanu6ffxmw.jpg,0
id_qj5yi3xxeuo0x.jpg,0
id_qkd2ve7bju5je.jpg,0
id_qmpj5k1enkcwb.jpg,0
id_qnv83lujth62s.jpg,1
id_qp2a5iqm3yy9d.jpg,0
id_qpzwhu1h68drl.jpg,0
id_qqrurqparsz2i.jpg,0
id_qsddzhtz3y4vi.jpg,0
id_qupguxb0a8bm7.jpg,0
id_qv2y1tpdueemf.jpg,0
id_qvo6487b6s612.jpg,0
id_qyy886qhqcrz4.jpg,0
id_qzl80dbw4suz1.jpg,0
id_r31ybh4kt044n.jpg,0
id_r3cpyyr8mskx7.jpg,0
id_r4dpsku3al3gg.jpg,0
id_r775hkt9cww93.jpg,0
id_r7jiwwt7afhcy.jpg,0
id_r8msamfl0v3l8.jpg,0
id_raetjln0an8ej.jpg,0
id_rbggm376kqkln.jpg,0
id_rcfrv3mn6d22s.jpg,0
id_re2krpu790eqs.jpg,0
id_rhvq0ajvtzl5z.jpg,0
id_rinr4ilicj42k.jpg,1
id_rlrsokwkk6618.jpg,0
id_rpd7mvbvgqg7e.jpg,0
id_rpx1oa0mo6jkq.jpg,0
id_rqu358u040d4d.jpg,0
id_rr71j1051u5xl.jpg,0
id_rrogwrozpe3fj.jpg,0
id_ru2atm187gp7u.jpg,0
id_rw5w0dvaouck0.jpg,0
id_rwdztqq95vvs0.jpg,0
id_rykuqfon717io.jpg,0
id_ryqws0pnyyeu9.jpg,0
id_s08fozpzsvzzg.jpg,0
id_s0lnja9bh6h8m.jpg,0
id_s2tvkgvrlf4u7.jpg,0
id_s31fd2jagj5n9.jpg,0
id_s3q98xdgb64hn.jpg,0
id_s4m2y36vj5uxr.jpg,0
id_s51g0tkd6d0iy.jpg,0
id_s5avfxblpaxe3.jpg,0
id_s9f1tl6f5v3tc.jpg,0
id_sb8m9rzcmht47.jpg,0
id_sbmhzm4hksp18.jpg,0
id_scy37ceyh0226.jpg,0
id_sdauouehfwbjd.jpg,0
id_sdj80awlu7khc.jpg,0
id_sgvacty6mmrl2.jpg,0
id_shox37tnf8y6x.jpg,0
id_sidpf5z0vofrn.jpg,0
id_skgialu6lpcid.jpg,0
id_sle09gmjpm83d.jpg,0
id_sn2ue23bkbvgp.jpg,0
id_sowar152jcmtz.jpg,0
id_sp24ia9u5ihvp.jpg,1
id_spwes25okmyn4.jpg,0
id_stijkyyam2ejw.jpg,0
id_su39d83zpkl9i.jpg,0
id_suba0cr032k15.jpg,0
id_sug17gkrl15hb.jpg,0
id_syx1wpjgdof93.jpg,0
id_szmplf7t7x6zq.jpg,0
id_t02a64c6rd2jh.jpg,0
id_t11y5fiwqu3hb.jpg,0
id_t2a4rftscn1te.jpg,1
id_t2iye33ohf533.jpg,1
id_t2v6mt4n8sr1a.jpg,0
id_t4531fw3btky1.jpg,0
id_t8x3748qodc1x.jpg,0
id_tbjwzwd49x6mt.jpg,0
id_tcavm0fx532uy.jpg,1
id_tessi62is6921.jpg,0
id_tfu872narassb.jpg,0
id_tjic5doumod9v.jpg,0
id_tlc0je6w5lija.jpg,1
id_tmezwp408olwr.jpg,0
id_tnch2l9gaan8g.jpg,0
id_tse5j8jxcd928.jpg,0
id_twclokbuboiuu.jpg,0
id_tyihhi2pcjx3t.jpg,0
id_tz0fr9v7hck7s.jpg,0
id_u1ekhhrft7t40.jpg,1
id_u1n7pqg4cyhej.jpg,0
id_u29cvyzx230ib.jpg,0
id_u2wgnp9iw4ehe.jpg,0
id_u38ykwkmjzzsj.jpg,0
id_u4bwphhvqauvh.jpg,0
id_u5wm87oauh4wa.jpg,0
id_u6ank474q27r2.jpg,0
id_u6fq6g44z7jv1.jpg,0
id_u7xa9m5nd97gv.jpg,0
id_u9fhpedsvxez6.jpg,0
id_ucex1pouu6eul.jpg,0
id_ucr37u9c7w6et.jpg,0
id_ufzjqr8ou3wsc.jpg,0
id_ugw6oicm63dxn.jpg,0
id_ui1ewzv277kvk.jpg,0
id_ujcya9wvenk1j.jpg,0
id_uomfbzzahl4rn.jpg,0
id_upt9r6as8yttj.jpg,0
id_uu0az4kkj0lou.jpg,0
id_v09kxwx5bp87u.jpg,0
id_v0lum9tv2aa7a.jpg,0
id_v0rt6r75rgx0z.jpg,1
id_v2mqckjq9mwep.jpg,0
id_v3tf21jpfkvvv.jpg,0
id_v7o0hznywd12p.jpg,0
id_v8t1oo8gy4nxr.jpg,0
id_vazolhxymcu7n.jpg,0
id_vf2yk5tvvs6ug.jpg,0
id_vf7jjnjt3i9u7.jpg,0
id_vhoz27a8janou.jpg,0
id_vi9570nvdkd5i.jpg,0
id_vi9lw9livn0qk.jpg,0
id_vih6c9ebaji56.jpg,1
id_vketonaghi7sz.jpg,0
id_vli9mzd16o1ka.jpg,0
id_vmfmq269v9f57.jpg,0
id_vn7pnrd5iua7g.jpg,0
id_vttigszg7boaj.jpg,0
id_vxki9bpi0lx8x.jpg,0
id_w0gc08p0bynmv.jpg,0
id_w1fpsw0u8b8gy.jpg,0
id_w1gwu79b31dqk.jpg,0
id_w5u7t4jqahmvh.jpg,0
id_w69qxg8f9yo3e.jpg,1
id_w8n2p7fjtj4ei.jpg,0
id_w8oz3n68pwwj2.jpg,0
id_w8z4rkqhx14va.jpg,0
id_w9aqgz6fj6hlj.jpg,0
id_w9eresa5kpq71.jpg,0
id_waktmy0mec7zk.jpg,1
id_wddlv3gtw5mke.jpg,1
id_wedtfsnqw0ks6.jpg,0
id_wgd6xy640se3y.jpg,1
id_wjroqibhcrhgo.jpg,0
id_wkb87p0a5qpgb.jpg,0
id_wkk2rg5051wkq.jpg,0
id_wn5ssc3htzt03.jpg,0
id_wnsf9aza108jr.jpg,0
id_wpm60e0pxu01d.jpg,0
id_wqk6phlzkq8bj.jpg,0
id_wr84t5a8conpc.jpg,0
id_wr9m58tek1qaa.jpg,1
id_wugut57umd4m8.jpg,0
id_wvgm9evv23pp5.jpg,0
id_wxgqt9c5zrfd2.jpg,0
id_wzbgy4pzb3f3w.jpg,0
id_x0ap2gwtdiyfi.jpg,0
id_x0d0zmm0prx7j.jpg,0
id_x1ct0s0j1p5o3.jpg,0
id_x1qae8o8guekr.jpg,0
id_x1y6ms6py2l2n.jpg,0
id_x294o5smo5dml.jpg,0
id_x2i1fs12acvcv.jpg,0
id_x31ox810j7x2e.jpg,0
id_x41w7fzz3kw2e.jpg,0
id_x68ns4oamnzkt.jpg,1
id_x6ovymbj0jjln.jpg,0
id_x7xig8u9xneyf.jpg,0
id_x9hpmdpb4ylmd.jpg,0
id_xacb6xbtge8bq.jpg,0
id_xbfhdvsa65evj.jpg,0
id_xcysbclszdw1j.jpg,0
id_xevyo2dmt2za5.jpg,0
id_xh3nudqkydd4w.jpg,0
id_xhwh238ijn112.jpg,0
id_xjduzi723vwkd.jpg,0
id_xjwwa29hijllo.jpg,0
id_xlry3bkn0i1wy.jpg,0
id_xnk5ku5la871r.jpg,0
id_xo52vvgyg2tw8.jpg,0
id_xo59gmwvc7y4b.jpg,0
id_xoszqfw7r7yns.jpg,0
id_xsdtkxd4sfmmj.jpg,0
id_xsg26ufcu17cv.jpg,0
id_xxgmr69aynvy0.jpg,0
id_xyd5wncqmmqiz.jpg,0
id_xzusbomiobtgn.jpg,0
id_y34yretfq7lcn.jpg,0
id_y3hx730olw11m.jpg,0
id_y8zgb1blvfj9m.jpg,0
id_y9d943yk7mao5.jpg,0
id_y9f78p4a4g50s.jpg,0
id_yb7mlvqnk4n9h.jpg,0
id_ybzlndvtkabxy.jpg,0
id_ydied5uotf54j.jpg,0
id_ydz4x57930z8g.jpg,0
id_yexf7zq0hohgn.jpg,0
id_yj535vsdl88r8.jpg,0
id_yjgw1k688wqkd.jpg,1
id_yk2ifnjtbzutn.jpg,0
id_yqtwsi8z96doy.jpg,1
id_yrvcif4x8wrnc.jpg,0
id_ysb5aeq3zqfux.jpg,0
id_yu8ztukyoulhd.jpg,0
id_yva0vjavvepes.jpg,0
id_yvwadf416e2g3.jpg,0
id_yw55243fmn8yk.jpg,0
id_yzdlrbld9ewbi.jpg,0
id_z0acv12tapwj4.jpg,0
id_z1rxxjgoew371.jpg,0
id_z1sdqovelcxy3.jpg,0
id_z2xdxks2mabgl.jpg,0
id_z6nut6nh699jx.jpg,0
id_z8bmlrrsagx5b.jpg,0
id_z8qcphcsj2v7p.jpg,0
id_zaefjbjcme81m.jpg,0
id_zax4vo8uaw73l.jpg,0
id_zbdls3u4epk2q.jpg,0
id_zbzgkw14mdnlw.jpg,0
id_zhizwrcgl6tnu.jpg,0
id_zi85wl6irc5yx.jpg,0
id_zj39k0wo0vz0p.jpg,0
id_zkqo9tf2av5gw.jpg,0
id_zku0n9fxgr9zl.jpg,0
id_zn76xuzlkt55g.jpg,1
id_znfv94esdbiae.jpg,1
id_zqs366zt1qhsk.jpg,0
id_zqvto0725ipyp.jpg,0
id_zrf1msg5lku5s.jpg,0
id_zsikh94rq4xhn.jpg,0
id_zsnxlnf1wa805.jpg,0
id_zsvdecgfick1x.jpg,0
id_ztf4l3e8m6gmh.jpg,0
id_ztue0lrjt4l4g.jpg,0
id_zyubro5pfg31d.jpg,0
id_zz20l1nlkrid7.jpg,0
