,Image_id,Label
0,id_02amazy34fgh2.jpg,1
1,id_02mh3w48pmyc9.jpg,0
2,id_02rpb463h9d3w.jpg,0
5,id_04xrxyd43rlgz.jpg,0
8,id_082w0qygo3eth.jpg,0
10,id_09v3am3ppzesz.jpg,0
14,id_0ff2fm63gzxvs.jpg,0
15,id_0g00jpbynmgfr.jpg,0
16,id_0gur3rc3nuft9.jpg,0
18,id_0klqzvk8id4bt.jpg,0
19,id_0mytnx3vd7ebk.jpg,0
21,id_0qm8i331u09jq.jpg,0
22,id_0qrjnjx2nbbde.jpg,0
23,id_0t41fhqaaqux9.jpg,0
25,id_0t7gw6z26pabf.jpg,0
27,id_0unlhj59tv0p4.jpg,0
29,id_0wq0ldha65pkf.jpg,0
30,id_0wtod6711rn7r.jpg,0
32,id_0yb73f56l5r4f.jpg,0
33,id_0z6gb99lwj01f.jpg,0
34,id_0ztqu05sh2a8j.jpg,0
35,id_10gekjcx26yu7.jpg,0
36,id_10xmisqifmnpb.jpg,1
37,id_10zte1vif5nq3.jpg,0
38,id_11udz3qrokt8s.jpg,0
40,id_16cotxnq0qoa6.jpg,0
41,id_16kyc2v7gg2cv.jpg,0
42,id_17nhiabonivgh.jpg,0
44,id_1929lmm4i1olb.jpg,0
47,id_1bkd7wk2x3qds.jpg,0
48,id_1bnj4jbcfelxr.jpg,0
50,id_1du8gb49isxwn.jpg,0
52,id_1fwjbyp28sdqg.jpg,0
53,id_1gamgfhw43oby.jpg,0
56,id_1jk5fy4vj6kxg.jpg,0
58,id_1keam3gcvhfnd.jpg,0
59,id_1kkfldth8byr4.jpg,0
61,id_1kuko2v3vzr23.jpg,1
62,id_1mb869zqr4cmo.jpg,0
63,id_1mdnyyzz0buu5.jpg,0
65,id_1n554tmxcu1k3.jpg,0
66,id_1o3jn7o8x9eek.jpg,1
70,id_1qeac2n7jqsyj.jpg,0
71,id_1qjurgfppscz1.jpg,0
72,id_1qxqknirypi5t.jpg,0
74,id_1s7wouqgxxmds.jpg,1
78,id_1vs968ctltm2y.jpg,0
81,id_1ynzo9yq6w15a.jpg,0
82,id_1zb7uw9g20qkq.jpg,1
84,id_217nkv6cbfd44.jpg,0
86,id_221zkl2t11j7v.jpg,1
88,id_254e4szhl2wyk.jpg,0
89,id_25avlu92voe3x.jpg,0
91,id_25xzbsm43n7is.jpg,0
92,id_26il6x5rwo0zb.jpg,0
94,id_28fipkyzgipxf.jpg,0
96,id_29bagbm6eyiy7.jpg,1
97,id_2aamri2iv9w13.jpg,0
99,id_2blnm1hgro2me.jpg,0
100,id_2d4nk63pjusym.jpg,0
105,id_2ep9hhhwqgz2v.jpg,1
106,id_2gjj671qxdhwv.jpg,0
108,id_2i42d174umdfy.jpg,0
109,id_2ifxqcozzjca2.jpg,0
110,id_2ivuxsdi6eq56.jpg,0
112,id_2m2ma1ksfdhdp.jpg,0
113,id_2m71fknietf9v.jpg,1
115,id_2n09tgq9m8n2q.jpg,0
116,id_2o6w8xtqx8m7r.jpg,0
117,id_2o7rikwplxgoj.jpg,1
118,id_2p9lr3yt64dt9.jpg,0
120,id_2r3pobs77lx4t.jpg,0
123,id_2tc5ktzzqiddr.jpg,0
124,id_2v38yeskbis7w.jpg,0
126,id_2wko61n9utak2.jpg,0
127,id_2wnqzf67pxv4o.jpg,0
128,id_2wogde7nabi75.jpg,0
129,id_2xhaay1w9lg2x.jpg,1
130,id_2xnjxuiilwldh.jpg,0
131,id_2yfpgjvapv71v.jpg,0
135,id_32erdfi19y5zo.jpg,1
136,id_32sk2pu27t3d1.jpg,0
139,id_39kceoxojnl1t.jpg,0
140,id_3a2466r2f98ok.jpg,0
141,id_3b2ib40xj4v5f.jpg,0
143,id_3bopcjuydd165.jpg,0
144,id_3c3s0ihfv5l9c.jpg,1
148,id_3fl84h2y62abk.jpg,0
150,id_3gllyun0pd7wu.jpg,0
151,id_3gosl9cz9r38a.jpg,0
155,id_3ih6v6u1zmq86.jpg,0
156,id_3iii466us1pbf.jpg,0
160,id_3mdpb04xe5jmg.jpg,0
162,id_3sglmjvizby80.jpg,0
163,id_3swluxt7575l3.jpg,0
164,id_3tciiq7d5ph0e.jpg,0
165,id_3tco3dj81z8mv.jpg,0
167,id_3v4ein4owpdy2.jpg,0
169,id_3vrmbnarq30pa.jpg,0
171,id_3wp2q8e8c5402.jpg,1
172,id_3xyaaakk3g6qi.jpg,0
173,id_3y25uuoa3cpiq.jpg,0
174,id_3yvg8cuhbijl0.jpg,1
178,id_42andomtpiaty.jpg,0
179,id_438spihs750kh.jpg,0
180,id_44q82lq0haq7s.jpg,1
181,id_46lzh8j99xcdy.jpg,0
183,id_48cwtgvigr91u.jpg,0
184,id_48rzpbnfrzlwr.jpg,0
185,id_49gwmty0b1z46.jpg,0
187,id_4agr1n38y0k1v.jpg,0
189,id_4cpjk7d64g38r.jpg,0
190,id_4dao9agpczwx9.jpg,0
191,id_4eu01gzyod4mq.jpg,0
192,id_4ewzo696r8kzv.jpg,0
193,id_4fbmgifuy7hwe.jpg,0
196,id_4gueixwndhcp0.jpg,0
198,id_4hdkije8c3u4t.jpg,0
201,id_4ld2ct048brn9.jpg,0
202,id_4lw0j4q0kmj27.jpg,0
204,id_4prjr1ax0nqxm.jpg,0
205,id_4qidre5ysenp5.jpg,0
207,id_4rjsdxbraz64q.jpg,0
208,id_4t1cz4qdzskre.jpg,0
210,id_4u5s51m37267a.jpg,0
214,id_4w8zhtp6qeivn.jpg,0
215,id_4xn38czhose5a.jpg,0
216,id_4xpfy7yyf90kr.jpg,0
217,id_4z4m6vfn3hlsu.jpg,0
218,id_4zntk189zs5ww.jpg,0
221,id_50ztmmzeqexzu.jpg,0
222,id_512el3j6w3ve9.jpg,0
223,id_517x0jtn5bapq.jpg,0
224,id_5188qo9zn5rnz.jpg,0
226,id_53i453nv3r7xq.jpg,0
227,id_5442m2c4hipai.jpg,0
228,id_547a423knr3vf.jpg,0
231,id_5509c5odsuxcb.jpg,0
232,id_55vvw3rumi972.jpg,0
233,id_5805ijtk30mjz.jpg,0
236,id_59t6rtalzj3zb.jpg,0
239,id_5by9qvpxev9d5.jpg,0
240,id_5c21yvpd8ssmm.jpg,0
241,id_5evz1akr0gh64.jpg,0
242,id_5g6k2dxvd9h2e.jpg,0
243,id_5i0rrexeb7s7e.jpg,0
245,id_5ii6r0q32r1fc.jpg,0
247,id_5luv25r1skc26.jpg,0
249,id_5q1tqncnggvj4.jpg,0
250,id_5qee8v2h8aeuj.jpg,0
251,id_5qh5850963tkj.jpg,0
252,id_5qwvuk71zfxkb.jpg,0
253,id_5riby4jh3w2tt.jpg,0
254,id_5stbaum72zla5.jpg,0
261,id_5ytallvgun6n5.jpg,1
266,id_60b82e4efcdef.jpg,0
268,id_623ny8w6lm68f.jpg,0
272,id_67b1whj5cnpka.jpg,0
273,id_67hxm9ykj2mo6.jpg,1
274,id_67zieejer9lbq.jpg,0
276,id_683idvwvv7gxl.jpg,0
277,id_6alozjlrb754q.jpg,0
278,id_6b4kb9mbedysn.jpg,0
281,id_6dneosc4jt18y.jpg,0
284,id_6j0c712gzs11m.jpg,0
285,id_6j47ob6dyzt3c.jpg,0
287,id_6jx17kch9d89x.jpg,0
291,id_6ntwxnxrb0jvo.jpg,0
292,id_6o9265kuq2gj6.jpg,0
294,id_6oolke9155yfk.jpg,0
295,id_6owdj1e5x3r7s.jpg,0
296,id_6q3v16yz1z4qg.jpg,0
298,id_6tick650ccw0i.jpg,0
299,id_6tpewabrdmrk1.jpg,0
300,id_6u12fsztm6j0b.jpg,0
301,id_6u3jww201hnvu.jpg,0
302,id_6uq4ch18hugde.jpg,0
304,id_6vj1e12x3t6ps.jpg,0
305,id_6vrxyfp80t66m.jpg,0
307,id_6y6jt4e79isup.jpg,0
308,id_6zej86vjl2ig2.jpg,0
309,id_6zu039j1wbu71.jpg,0
313,id_71m9s7wr15pj5.jpg,0
315,id_743i8dikg5j64.jpg,0
316,id_75m6xiajgrdsz.jpg,0
317,id_760i3w9rzz3md.jpg,0
319,id_77xufx5ybem6a.jpg,0
321,id_78y8rknbyuffz.jpg,0
326,id_7gtr3u2vnecl7.jpg,0
328,id_7h9cczfvzifni.jpg,0
329,id_7he06tv7sexxf.jpg,0
330,id_7hhdpoe0zphec.jpg,0
333,id_7ihrnacrl4xz5.jpg,0
334,id_7iyn3rfwzi3wn.jpg,0
335,id_7j3mkhdkztmze.jpg,0
336,id_7jfh9x6f027u8.jpg,0
337,id_7jv7er6lzmx05.jpg,0
338,id_7l4tgkilmlqpv.jpg,0
339,id_7lf4zamn1rejf.jpg,0
341,id_7mn9nhitss3pw.jpg,0
342,id_7mnfjuvdif8af.jpg,0
343,id_7nmu9sidre8eb.jpg,0
345,id_7rcn63xndkvjo.jpg,0
347,id_7s6etq1ytiqu7.jpg,0
349,id_7szjpzeuf5iir.jpg,0
353,id_7z1c7gcqw6440.jpg,0
357,id_84o1mcr8sfxek.jpg,0
359,id_86cu7flegyugt.jpg,0
362,id_89y2ofrj91mr1.jpg,1
363,id_8a8gdnliuudhk.jpg,0
365,id_8c1c8yws2w0dj.jpg,0
367,id_8cqxt083fw7tt.jpg,0
368,id_8czxo8ayd0zm0.jpg,0
369,id_8dbzhi77rbox2.jpg,0
371,id_8fmm5wb3u3wx8.jpg,0
372,id_8g6535daydnzy.jpg,0
375,id_8hrxykaeqe3in.jpg,0
380,id_8kiiaxakmtz7x.jpg,0
383,id_8lu3jv00bgt54.jpg,0
384,id_8m3d0k7q2pjus.jpg,0
385,id_8mcpxvlxir6rw.jpg,1
388,id_8oufs7mool8xl.jpg,0
389,id_8q6zpkddbg8kh.jpg,0
391,id_8uwrhngwwkxkg.jpg,0
394,id_8vsbj5q7q7mi4.jpg,0
396,id_8xpbm7ds4mx3a.jpg,0
397,id_8yz3q98vu9p8c.jpg,1
399,id_90fomkucdsuoq.jpg,1
400,id_90g5fcjujpus0.jpg,1
403,id_93i7iunfqrcev.jpg,0
405,id_94inoyrs28i5u.jpg,0
406,id_952z5nzlg58hi.jpg,1
407,id_953jy1ugemp46.jpg,0
408,id_95d1zstc3ah40.jpg,0
409,id_96snotywikcue.jpg,0
410,id_98h62ceb2eh6s.jpg,0
411,id_98ltjfmj9ph3k.jpg,0
413,id_9aeil3tlvlwa2.jpg,0
421,id_9mq4x0z23trbh.jpg,0
423,id_9otcxavdwi147.jpg,0
425,id_9qy13yxb71anm.jpg,0
426,id_9rhpv2uvvv1zk.jpg,0
433,id_9x8mzxzbt50iy.jpg,0
434,id_9yskv5fw96mwl.jpg,0
435,id_a3sxq7nfuzsk2.jpg,0
436,id_a403s8ungh64f.jpg,0
438,id_a5fxx27925aup.jpg,0
439,id_a5m56ansfqile.jpg,0
440,id_a8w2umfowm1bz.jpg,0
441,id_a94il3stybo5t.jpg,0
443,id_aaerksg1ycse4.jpg,1
444,id_aalh9b0uleg7d.jpg,0
445,id_aan0so590ucat.jpg,0
446,id_ab4q8hnmfb1oj.jpg,0
449,id_ac0ocsauzdiov.jpg,0
452,id_aebzqosighquw.jpg,0
453,id_afj837sfbkspg.jpg,0
456,id_ahssj5raiklai.jpg,0
457,id_aiobjkxqfvfui.jpg,0
458,id_aiymnmy0u1pbu.jpg,0
459,id_aj2y163yhuxh4.jpg,0
460,id_ajlj3ihzivimr.jpg,0
461,id_akedqimdlwsah.jpg,0
462,id_alu5zupxl985u.jpg,0
463,id_am0vgxhemb5ol.jpg,0
464,id_ameo30zgat95c.jpg,0
465,id_ammlp7u66sklu.jpg,0
466,id_aodyvpl1u7mh6.jpg,0
468,id_aor83k4x2qd70.jpg,0
469,id_ap29eype5vlzo.jpg,0
474,id_asm0jde2fuh5n.jpg,0
475,id_au6qnwzseymqr.jpg,0
476,id_avxl22e9slqb6.jpg,0
477,id_azh9y72jsn7ks.jpg,0
479,id_b0afqt1dxbw4p.jpg,0
480,id_b1gt26s0d9bb1.jpg,0
481,id_b252czkcyqexe.jpg,0
482,id_b3mqc7ajzoprh.jpg,0
483,id_b4wphc7ar2p8e.jpg,1
485,id_b6ikok8kj76df.jpg,1
486,id_b6kmxymf8tf5k.jpg,0
487,id_b6vmxjsjzg3ro.jpg,1
489,id_b84eujsg5ccbf.jpg,0
491,id_b8w0grut633a5.jpg,0
495,id_bamhtmr8dwgat.jpg,0
500,id_beaxln4a4jg9o.jpg,0
502,id_bfr9jwpw9szgx.jpg,0
503,id_bg0nbkcilicdc.jpg,0
506,id_bhcpdpvbid3eq.jpg,0
508,id_bkbvbgmvmulgn.jpg,0
509,id_bmghuh71yirwf.jpg,1
513,id_bpy1ggcriqpfk.jpg,0
514,id_bqdkogmm2dmvs.jpg,0
516,id_brab764hularp.jpg,0
517,id_bt2dzh4gzpe3x.jpg,0
518,id_bt2eld999zumf.jpg,0
520,id_btbjwasw2zeui.jpg,0
521,id_btj8bw4a41ofh.jpg,1
523,id_bvppw9fvkdhbh.jpg,0
524,id_bvq7k9m1onkl7.jpg,0
525,id_bw85yk1npdfrz.jpg,0
527,id_bwkrzpgxg3chf.jpg,0
530,id_byagkuvk4diu8.jpg,0
531,id_byxcqfailboq0.jpg,0
532,id_bzcrt5g6h2w7m.jpg,0
534,id_c0s7dl840zn01.jpg,0
535,id_c1i74usx3upwm.jpg,0
536,id_c1jbrkxdhvuip.jpg,0
538,id_c2kjaxnx8a876.jpg,0
539,id_c3sjw089bw1dx.jpg,0
542,id_c4otx5eybyeeh.jpg,0
545,id_c5ikr6syi8k6n.jpg,0
546,id_c7eoqsg92i6wb.jpg,0
547,id_c7pm0tru19bhn.jpg,0
550,id_c88v5tryviaaw.jpg,0
553,id_c947k7bdeighe.jpg,0
554,id_c9b854hcigj34.jpg,0
558,id_cdug7qpik3p17.jpg,0
560,id_cfpak4f94miui.jpg,0
561,id_cgybh1l8m3zp0.jpg,0
562,id_ciarmfxgnwczp.jpg,0
566,id_cl8tsriktn8p5.jpg,0
567,id_clyar53vq6mbj.jpg,0
569,id_cm3a1bx1dr9rf.jpg,0
570,id_cn22sssqux1sz.jpg,0
571,id_cnqt61b9yn84z.jpg,0
573,id_cp54h1kdzct0f.jpg,0
579,id_cwj7bppsfrh7b.jpg,0
582,id_czw7lje4dcgqs.jpg,0
583,id_d16hwmowwlps1.jpg,0
586,id_d48gktk7tww3t.jpg,0
587,id_d5atvgsvr78lx.jpg,0
589,id_d6qf0z13why65.jpg,0
590,id_d8gvs6d9bzxgf.jpg,1
591,id_d8m0jq7hjc41m.jpg,1
593,id_d9v4lt50u5rp8.jpg,0
599,id_delkwjq2a9kmx.jpg,0
600,id_dh28zc9hpar4i.jpg,0
602,id_dkluop4pdaks7.jpg,0
603,id_dkqx69e6nblr7.jpg,0
606,id_dml4btktt6ntn.jpg,0
608,id_doc517ljgbdu1.jpg,1
611,id_dq2gvebs0scf0.jpg,0
612,id_dq4nsbftkpetp.jpg,0
613,id_dq6yfxngck7t9.jpg,0
614,id_dqhve8zxho4bs.jpg,0
615,id_dqmnb9lvbl6bc.jpg,0
616,id_dqp2mwfsa9v9x.jpg,0
617,id_dqvgsv8lq74nz.jpg,1
618,id_dr1twya6mjani.jpg,0
619,id_drots20o2k0m9.jpg,0
622,id_dsy2d4nmixq8a.jpg,1
623,id_dtfo94857hcbu.jpg,0
625,id_dtqygc51jo775.jpg,0
626,id_dub314rps0oor.jpg,1
627,id_dw0v152dwaf2k.jpg,1
628,id_dxkkvosbnpsro.jpg,0
633,id_e08106jtf03mc.jpg,0
634,id_e3ahoaaztoyvx.jpg,0
635,id_e3orq5tv582mu.jpg,0
636,id_e51xcrr7x10qp.jpg,0
637,id_e5ojnfaxfdcst.jpg,0
639,id_e7n48a6gknbtt.jpg,1
640,id_e7ue61f73sbiv.jpg,0
642,id_e9c7jspn2hnba.jpg,0
643,id_e9ggdj6cp5gzo.jpg,0
644,id_ea16ilol57n4g.jpg,0
650,id_ee07amcwhqkm9.jpg,1
651,id_eec0fz99kys75.jpg,0
652,id_eggq4w4yebub8.jpg,0
653,id_eh1n13gi64dry.jpg,0
655,id_ej25ezuyyvnh0.jpg,0
656,id_elq5cy0poxe6k.jpg,0
657,id_emdxo5bmtxzeq.jpg,0
658,id_envr2oi1l3pwv.jpg,0
659,id_eobqr753c6vko.jpg,0
660,id_eoxbmheg6a8aj.jpg,0
661,id_ep55wuxo5zqge.jpg,0
662,id_eptmzglbh9a67.jpg,1
663,id_eqygh2pv26wgr.jpg,0
664,id_etb6s9d7gw2yg.jpg,0
665,id_ex0ozykicq0zs.jpg,0
668,id_ey7c5za56b96z.jpg,0
669,id_eyahzitqptkj8.jpg,0
670,id_ez27fhlo6cacu.jpg,0
671,id_ezn3igfi3c9aq.jpg,0
672,id_f0ajdub9j5zu1.jpg,0
673,id_f0gxjcj6j2cjb.jpg,0
675,id_f0ynv1j9fwb9k.jpg,0
676,id_f1fy2d0gs2ad3.jpg,0
677,id_f5sota314971s.jpg,0
679,id_f7vst89z8u1iq.jpg,0
681,id_f8hdrwb8xtd8z.jpg,0
682,id_f9zq0x13u5jg9.jpg,0
683,id_fbg8o03wq6arr.jpg,0
684,id_fc7e58blf5imx.jpg,1
687,id_fee3rbhzqjtkl.jpg,0
689,id_fg5btvwbiydqm.jpg,0
691,id_fgc3oint0acaw.jpg,0
692,id_fgjo6ltntad0a.jpg,1
693,id_fh2kwgq3m4xdi.jpg,0
694,id_fh59xi8v78vid.jpg,0
698,id_fkbursnmd6lhy.jpg,0
701,id_fly1qvjfosena.jpg,0
702,id_fqkgorbkkrjqu.jpg,0
703,id_frho7cme1l7n3.jpg,0
707,id_fss3en1070lw9.jpg,1
708,id_fuawwlx605mxc.jpg,0
709,id_fugwd25lx65fu.jpg,0
711,id_fvq5bzvbyud0y.jpg,0
713,id_fy0wqi1lo4xrk.jpg,1
715,id_fz8sramfobbi7.jpg,0
717,id_g0vrzgeepn3hl.jpg,1
719,id_g3yopo5mtks2e.jpg,0
725,id_g74x1hpxdr51q.jpg,0
727,id_g7bgjaimf6x2m.jpg,0
730,id_gb4qbx23rlt3d.jpg,0
731,id_gbm4lo5r3cly1.jpg,0
734,id_gcsivi1wczv2n.jpg,0
737,id_gevhzxyn8wdpf.jpg,0
739,id_gfzdzhxp4ngud.jpg,0
741,id_ggjatx47cgjgf.jpg,0
742,id_ghqjgeaeohrim.jpg,0
743,id_gi5gwtdc78jsh.jpg,0
747,id_gn0dxk8nwivp0.jpg,0
749,id_go1k2meo24748.jpg,0
750,id_go3tyjsegwsma.jpg,0
751,id_gqywqz124048w.jpg,0
753,id_gsw7k8f8rn89n.jpg,0
754,id_gt6m3o6sd4w46.jpg,0
756,id_gthh5q3vkp6fg.jpg,0
758,id_gvszwlq5bvzzv.jpg,0
759,id_gw0fmlzpz3u7e.jpg,0
760,id_gwbrip9x1c6qk.jpg,0
761,id_gwoxv96o62srh.jpg,0
765,id_h2pt183yx80kb.jpg,0
774,id_hbm5vt1po49os.jpg,0
775,id_hbu95lixz4si5.jpg,0
776,id_he22icb9mcjda.jpg,0
777,id_hf12k9fychc0q.jpg,0
778,id_hgj4e1danbuyp.jpg,0
779,id_hglswmq355xj9.jpg,0
780,id_hi5opocy2t54m.jpg,0
782,id_hkvzxg3mlxt8k.jpg,0
784,id_hlj0rx66i2by2.jpg,0
787,id_hpekhprillfrg.jpg,0
789,id_hq46xkjkr2282.jpg,0
791,id_hrjgzmwcxdghb.jpg,0
793,id_ht8jmp4ey85rn.jpg,0
797,id_hvckaj6mecxcc.jpg,0
798,id_hx29ld93eqovc.jpg,0
800,id_hxg512d8mjs0w.jpg,0
801,id_hxyyjhpsp42ye.jpg,0
802,id_i00do6l0o9za7.jpg,0
803,id_i0cpgzmd3ukgf.jpg,0
805,id_i2i6p6cbd7gc6.jpg,0
806,id_i2sq1rqsbzu4o.jpg,0
807,id_i3pkjy5rz1dn6.jpg,0
810,id_i9c7ufalyilql.jpg,0
811,id_iaygau3734z76.jpg,0
812,id_ibnu1oick4wb9.jpg,0
813,id_ibtzuusgneb7f.jpg,0
814,id_ics4zzgl3cun9.jpg,0
815,id_idiui46t6yooi.jpg,1
819,id_igotyoa7e34kh.jpg,0
820,id_igqgwh6x3iwtw.jpg,0
821,id_igw8l8x8d6mxy.jpg,0
823,id_ih7uxadn8kaho.jpg,0
825,id_ihhx6ehjh4ez1.jpg,0
827,id_ii5dtqx4xkggy.jpg,0
828,id_ii7a2uio99ep4.jpg,0
829,id_iizntfytlvjt9.jpg,0
830,id_ilteikrk3uu5x.jpg,0
831,id_imeai99v6lxu0.jpg,0
832,id_inhpkqw9mepy5.jpg,0
834,id_ipsounf63s34u.jpg,0
836,id_iqf31146kx0ew.jpg,0
839,id_ite4ftmwnpv2v.jpg,0
840,id_iun0mlalhiaxj.jpg,0
841,id_ivlgx5jwwytfw.jpg,0
842,id_iw80t4wti1d1f.jpg,0
843,id_ix89122pdtv24.jpg,0
845,id_ixy1xfvdnvgz0.jpg,0
846,id_iy7lcgeemkiej.jpg,0
848,id_j12vau3j5xcsf.jpg,0
852,id_j6ak1sgqdl061.jpg,0
854,id_j7w0m22pg4tyg.jpg,0
855,id_j7zthxs15mjsv.jpg,0
857,id_j9goz4q0aogw6.jpg,0
860,id_jbwdsxbwyfbw1.jpg,0
862,id_jcs6j34gli9z2.jpg,0
866,id_jky2nl23l5syp.jpg,0
867,id_jlbv50rsebrvs.jpg,0
870,id_joqt40k2wodry.jpg,0
871,id_jr50petp6c80l.jpg,0
877,id_jugcl3qmo46x5.jpg,0
881,id_jwhkf97qp1p67.jpg,0
882,id_jwjiu40q0w4c6.jpg,0
883,id_jxksq1uttzxd1.jpg,0
884,id_jyosz9niuiwp8.jpg,0
886,id_k16p2x5ho9nqn.jpg,0
887,id_k1l1rcv3yjf0b.jpg,0
888,id_k1ujm45lm3ob6.jpg,0
891,id_k4kei1ztdmou8.jpg,0
892,id_k4o54dezzast8.jpg,0
894,id_k4wcvzibn3vwp.jpg,0
897,id_k71qe83p5vs01.jpg,0
898,id_k7onz06kvbmwn.jpg,0
904,id_kcyxhq5j9baae.jpg,0
906,id_ke5tsr8dm5yzm.jpg,0
907,id_kej7y3wqoxrfn.jpg,1
908,id_kf6i0vjvch27n.jpg,0
909,id_kfgwjhev5jme1.jpg,0
910,id_kfsjh1c8gl153.jpg,0
911,id_kh7hyqz3hxrzq.jpg,0
912,id_khdl5bcbapunj.jpg,0
913,id_khn895co777n9.jpg,0
916,id_kih8rjma49opm.jpg,0
918,id_kjnzg3y3eusdu.jpg,1
919,id_kl493gm6a3eeq.jpg,1
920,id_kliyvrs3vtipx.jpg,1
922,id_knalu4wqj8zol.jpg,0
923,id_ksfsufhhezanq.jpg,0
926,id_kxir2wfcyithy.jpg,0
927,id_kxqn8dxwisimd.jpg,0
930,id_kydbg8aoxr7d9.jpg,0
932,id_l0ixbvwq85220.jpg,0
937,id_l4ryeo0gfdzcu.jpg,0
939,id_l571576apqm1l.jpg,1
940,id_l5cpo597vptk5.jpg,0
944,id_l8aborzv867pc.jpg,0
945,id_lb089f8m2ntoo.jpg,0
946,id_lbm3hvcv05cvg.jpg,0
949,id_lfdpo1bnkd163.jpg,0
950,id_lfk0ge46n0bye.jpg,0
953,id_lhek1lg1em2rw.jpg,0
956,id_lja1hypyj1w43.jpg,0
959,id_lknkqfxhdozm1.jpg,0
960,id_ll6z9xzsud4ix.jpg,0
963,id_lmxht9utayqde.jpg,0
965,id_lp4lvg9kqqsdm.jpg,0
969,id_lsixkp5df0ik9.jpg,0
972,id_lw8tw4w9dke2h.jpg,0
975,id_lyrhnwk2razic.jpg,1
978,id_lzqteskv0wkoe.jpg,0
979,id_m0c7m33j0ji1a.jpg,0
980,id_m18qhzwwzwzfu.jpg,0
982,id_m44kiji628895.jpg,0
983,id_m4rvt7xk4o500.jpg,0
985,id_m5bqmwt8jn00b.jpg,0
987,id_m6aqbb1wolqou.jpg,0
988,id_m7hfatxbaak99.jpg,0
990,id_maue1bbx4igux.jpg,0
992,id_mdcqj5ujh82gq.jpg,0
994,id_meqd1otqe3e3s.jpg,0
995,id_mfod9pfs17y4q.jpg,0
997,id_mgyrblep19lxb.jpg,0
998,id_mhgx9hbqseje4.jpg,0
1000,id_mhwsjzmaacaeu.jpg,0
1001,id_micmqems98pps.jpg,0
1002,id_mj1nud27n3jmr.jpg,0
1004,id_mk8l6y03hk7wc.jpg,0
1005,id_mkw641kyr44pw.jpg,0
1007,id_mnlynro31eg4o.jpg,0
1010,id_moldmtn85ogzs.jpg,0
1011,id_mp1ghka4k49u7.jpg,0
1012,id_mp9rvtsgcbma6.jpg,0
1015,id_mt96ikl3ma7hn.jpg,0
1016,id_mtzxt7oqvgxjz.jpg,0
1019,id_mv17msxvxm93c.jpg,0
1020,id_mvk2ufe6ozfkf.jpg,0
1021,id_mwxowr4gx32gd.jpg,0
1022,id_mwzvqq0v75unh.jpg,0
1025,id_n0c97hjq5j8xs.jpg,0
1027,id_n1m3zan9ye09t.jpg,0
1029,id_n1zv0dhs6ash8.jpg,0
1034,id_n8vqxwspbr1kc.jpg,0
1035,id_n8xnqx8olmteb.jpg,0
1037,id_nar76lo6flkkt.jpg,0
1038,id_nc8tryokalj7h.jpg,0
1039,id_ncnclx9py6t4g.jpg,0
1040,id_nd5wm30lzo8uf.jpg,0
1041,id_neu8685lzvtk3.jpg,0
1042,id_nfev93scupjer.jpg,1
1043,id_ng6obm73ht371.jpg,0
1044,id_nggxx21zzbhpo.jpg,0
1045,id_ngu3721bg8p3x.jpg,0
1046,id_nht6wadgptjtl.jpg,0
1048,id_nmufggtmcmbm9.jpg,0
1051,id_nnwq5wcuada28.jpg,0
1053,id_noci1hr2u19cp.jpg,0
1054,id_nprlf5w1x4onk.jpg,0
1056,id_nsjjyitwouzcp.jpg,0
1063,id_nxthr92m5gsw6.jpg,0
1064,id_ny2nyfsba6w3e.jpg,0
1065,id_nz4wdm78gkkgc.jpg,0
1066,id_o0bt4byin7znn.jpg,0
1067,id_o1bx9cyds1f0u.jpg,0
1068,id_o1fuh9fqw3706.jpg,0
1069,id_o1x74llbeobdt.jpg,0
1070,id_o20agna9okztq.jpg,0
1072,id_o2uk6zcheihrj.jpg,1
1073,id_o3gml8twrqodw.jpg,0
1076,id_o6cnd11rn4rq6.jpg,0
1077,id_o6cplvkwh9l94.jpg,0
1081,id_o9geiqe3p59ur.jpg,0
1082,id_o9k8glusd3smu.jpg,0
1084,id_ob8r7knkqaxoz.jpg,0
1086,id_oc755vtoxap4e.jpg,0
1088,id_ocalkg1tde1rf.jpg,0
1089,id_oceuntxf3w5ls.jpg,0
1091,id_odtnugdfj6ru4.jpg,0
1094,id_ogqb4vfxlzl9h.jpg,0
1095,id_ojovdzt0iwqm2.jpg,0
1097,id_okdj201z1xuhu.jpg,1
1098,id_ol05xhxsodi72.jpg,0
1099,id_oliuws81qvj7v.jpg,0
1101,id_om32lawwigx9t.jpg,0
1102,id_omdvqjf1ubgbd.jpg,0
1103,id_on429d1h0x0o7.jpg,0
1104,id_opcs2nek37cp8.jpg,0
1106,id_oqt1uyrzy2uql.jpg,0
1109,id_otp2yszq6x6yq.jpg,0
1115,id_p0pna27fxxyqk.jpg,0
1117,id_p1l7vcbvombnb.jpg,0
1120,id_p3g5ui7mo43qq.jpg,0
1121,id_p5idkli3gy24q.jpg,0
1123,id_p8r5b992t2ev9.jpg,0
1124,id_pb1nv9t4e6qh8.jpg,0
1128,id_pcyrkmeq309gv.jpg,0
1131,id_pgheebzqj1477.jpg,0
1132,id_pi2cyxbopv52z.jpg,0
1133,id_piicimj056911.jpg,1
1134,id_pj7lq4o5in1hg.jpg,0
1135,id_pl1s8y9tzrq9i.jpg,0
1137,id_pluo1hk6z6fs2.jpg,0
1138,id_pn1r9qkhu9566.jpg,0
1139,id_pnujn9u2movpz.jpg,1
1142,id_pq0vn9yyam6s6.jpg,0
1145,id_pthnvt4do806c.jpg,0
1146,id_pto0nbdr34jco.jpg,0
1147,id_pv22q3cqkwrc0.jpg,0
1150,id_px3z0axgt3mac.jpg,0
1153,id_py29dkwm3cb7w.jpg,0
1154,id_pzm1ra86stmno.jpg,0
1156,id_q0qre5p4u1ho5.jpg,0
1158,id_q187zxgcs1alw.jpg,0
1160,id_q1h3z7woejqja.jpg,0
1161,id_q21p78wyt4eg6.jpg,0
1162,id_q3ovf6rztrryi.jpg,0
1163,id_q60dmnxu9cgjl.jpg,0
1165,id_q7p5dac3tv71k.jpg,0
1168,id_qed98fxjw5zba.jpg,0
1172,id_qgnbheymczve5.jpg,0
1173,id_qhwmadxygmlow.jpg,0
1174,id_qi7of1jyzwz99.jpg,0
1177,id_qiwnanu6ffxmw.jpg,0
1178,id_qj5yi3xxeuo0x.jpg,0
1181,id_qkd2ve7bju5je.jpg,0
1182,id_qmpj5k1enkcwb.jpg,0
1184,id_qp2a5iqm3yy9d.jpg,0
1185,id_qpzwhu1h68drl.jpg,0
1186,id_qqrurqparsz2i.jpg,0
1187,id_qsddzhtz3y4vi.jpg,0
1189,id_qupguxb0a8bm7.jpg,0
1191,id_qv2y1tpdueemf.jpg,0
1192,id_qvo6487b6s612.jpg,0
1193,id_qwgm6eouwocry.jpg,1
1194,id_qyy886qhqcrz4.jpg,0
1197,id_qzl80dbw4suz1.jpg,0
1199,id_r31ybh4kt044n.jpg,0
1200,id_r3cpyyr8mskx7.jpg,0
1201,id_r4dpsku3al3gg.jpg,0
1203,id_r775hkt9cww93.jpg,0
1205,id_r7jiwwt7afhcy.jpg,0
1206,id_r8msamfl0v3l8.jpg,0
1210,id_raetjln0an8ej.jpg,0
1212,id_rbggm376kqkln.jpg,0
1213,id_rcfrv3mn6d22s.jpg,0
1214,id_re2krpu790eqs.jpg,0
1217,id_rhvq0ajvtzl5z.jpg,0
1221,id_rlrsokwkk6618.jpg,0
1224,id_rpd7mvbvgqg7e.jpg,0
1225,id_rpx1oa0mo6jkq.jpg,0
1226,id_rqu358u040d4d.jpg,0
1227,id_rr71j1051u5xl.jpg,0
1228,id_rrogwrozpe3fj.jpg,0
1231,id_ru2atm187gp7u.jpg,0
1233,id_rw5w0dvaouck0.jpg,0
1234,id_rwdztqq95vvs0.jpg,0
1235,id_rykuqfon717io.jpg,0
1236,id_ryqws0pnyyeu9.jpg,0
1237,id_s08fozpzsvzzg.jpg,0
1238,id_s0lnja9bh6h8m.jpg,0
1240,id_s2tvkgvrlf4u7.jpg,0
1241,id_s31fd2jagj5n9.jpg,0
1242,id_s3q98xdgb64hn.jpg,0
1243,id_s4m2y36vj5uxr.jpg,0
1244,id_s51g0tkd6d0iy.jpg,0
1245,id_s5avfxblpaxe3.jpg,0
1247,id_s76uru1g09t7r.jpg,1
1248,id_s9f1tl6f5v3tc.jpg,0
1250,id_sb8m9rzcmht47.jpg,0
1252,id_sbmhzm4hksp18.jpg,0
1253,id_scy37ceyh0226.jpg,0
1254,id_sdauouehfwbjd.jpg,0
1255,id_sdj80awlu7khc.jpg,0
1256,id_sdnvcyype5pwy.jpg,1
1259,id_sgvacty6mmrl2.jpg,0
1261,id_shox37tnf8y6x.jpg,0
1262,id_sidpf5z0vofrn.jpg,0
1264,id_skgialu6lpcid.jpg,0
1265,id_sle09gmjpm83d.jpg,0
1266,id_sm1lfc897sa9m.jpg,1
1267,id_sn2ue23bkbvgp.jpg,0
1269,id_sowar152jcmtz.jpg,0
1271,id_spwes25okmyn4.jpg,0
1273,id_stijkyyam2ejw.jpg,0
1275,id_su39d83zpkl9i.jpg,0
1276,id_suba0cr032k15.jpg,0
1277,id_sug17gkrl15hb.jpg,0
1281,id_syx1wpjgdof93.jpg,0
1282,id_szmplf7t7x6zq.jpg,0
1284,id_t02a64c6rd2jh.jpg,0
1286,id_t11y5fiwqu3hb.jpg,0
1290,id_t2v6mt4n8sr1a.jpg,0
1293,id_t4531fw3btky1.jpg,0
1295,id_t5rzetbcbflop.jpg,1
1298,id_t8x3748qodc1x.jpg,0
1299,id_tbjwzwd49x6mt.jpg,0
1302,id_tessi62is6921.jpg,0
1304,id_tfu872narassb.jpg,0
1307,id_tjic5doumod9v.jpg,0
1310,id_tlc0je6w5lija.jpg,1
1312,id_tmezwp408olwr.jpg,0
1316,id_tnch2l9gaan8g.jpg,0
1320,id_tse5j8jxcd928.jpg,0
1326,id_twclokbuboiuu.jpg,0
1329,id_tyihhi2pcjx3t.jpg,0
1330,id_tz0fr9v7hck7s.jpg,0
1332,id_u1n7pqg4cyhej.jpg,0
1334,id_u29cvyzx230ib.jpg,0
1336,id_u2wgnp9iw4ehe.jpg,0
1337,id_u38ykwkmjzzsj.jpg,0
1340,id_u4bwphhvqauvh.jpg,0
1342,id_u4nhse683nsbs.jpg,1
1344,id_u5wm87oauh4wa.jpg,0
1345,id_u6ank474q27r2.jpg,0
1346,id_u6fq6g44z7jv1.jpg,0
1348,id_u7xa9m5nd97gv.jpg,0
1349,id_u82varazs54j5.jpg,1
1351,id_u98wdtquu57ce.jpg,1
1352,id_u9fhpedsvxez6.jpg,0
1353,id_u9hbloc497vz6.jpg,1
1355,id_ucex1pouu6eul.jpg,0
1356,id_ucr37u9c7w6et.jpg,0
1358,id_ufzjqr8ou3wsc.jpg,0
1359,id_ugw6oicm63dxn.jpg,0
1361,id_ui1ewzv277kvk.jpg,0
1364,id_ujcya9wvenk1j.jpg,0
1370,id_ung6jw04sez8j.jpg,1
1372,id_uomfbzzahl4rn.jpg,0
1374,id_upt9r6as8yttj.jpg,0
1375,id_urjog7xgjo7sf.jpg,1
1376,id_uu0az4kkj0lou.jpg,0
1379,id_v09kxwx5bp87u.jpg,0
1380,id_v0lum9tv2aa7a.jpg,0
1382,id_v19z66pjy0112.jpg,1
1384,id_v2mqckjq9mwep.jpg,0
1386,id_v3tf21jpfkvvv.jpg,0
1388,id_v7o0hznywd12p.jpg,0
1389,id_v8t1oo8gy4nxr.jpg,0
1391,id_v9ad37yxfh06z.jpg,1
1393,id_vazolhxymcu7n.jpg,0
1395,id_vey0xrol8wag6.jpg,1
1396,id_vf2yk5tvvs6ug.jpg,0
1398,id_vf7jjnjt3i9u7.jpg,0
1404,id_vhoz27a8janou.jpg,0
1405,id_vi9570nvdkd5i.jpg,0
1406,id_vi9lw9livn0qk.jpg,0
1412,id_vketonaghi7sz.jpg,0
1413,id_vli9mzd16o1ka.jpg,0
1414,id_vmfmq269v9f57.jpg,0
1415,id_vn7pnrd5iua7g.jpg,0
1420,id_vttigszg7boaj.jpg,0
1423,id_vxki9bpi0lx8x.jpg,0
1426,id_w0gc08p0bynmv.jpg,0
1427,id_w1fpsw0u8b8gy.jpg,0
1428,id_w1gwu79b31dqk.jpg,0
1436,id_w5u7t4jqahmvh.jpg,0
1439,id_w8n2p7fjtj4ei.jpg,0
1440,id_w8oz3n68pwwj2.jpg,0
1441,id_w8z4rkqhx14va.jpg,0
1442,id_w9aqgz6fj6hlj.jpg,0
1443,id_w9eresa5kpq71.jpg,0
1447,id_wedtfsnqw0ks6.jpg,0
1449,id_wfiwlxsy6gjqs.jpg,1
1455,id_wjroqibhcrhgo.jpg,0
1457,id_wkb87p0a5qpgb.jpg,0
1458,id_wkk2rg5051wkq.jpg,0
1461,id_wn5ssc3htzt03.jpg,0
1462,id_wnsf9aza108jr.jpg,0
1463,id_wpm60e0pxu01d.jpg,0
1464,id_wqk6phlzkq8bj.jpg,0
1466,id_wr84t5a8conpc.jpg,0
1468,id_wsasfk5bkj7au.jpg,1
1471,id_wugut57umd4m8.jpg,0
1472,id_wvgm9evv23pp5.jpg,0
1475,id_wxgqt9c5zrfd2.jpg,0
1477,id_wzbgy4pzb3f3w.jpg,0
1478,id_x0ap2gwtdiyfi.jpg,0
1480,id_x0d0zmm0prx7j.jpg,0
1481,id_x1ct0s0j1p5o3.jpg,0
1482,id_x1qae8o8guekr.jpg,0
1484,id_x1y6ms6py2l2n.jpg,0
1485,id_x294o5smo5dml.jpg,0
1486,id_x2i1fs12acvcv.jpg,0
1487,id_x31ox810j7x2e.jpg,0
1488,id_x41w7fzz3kw2e.jpg,0
1489,id_x4o3r8goehlab.jpg,1
1492,id_x6ovymbj0jjln.jpg,0
1493,id_x70shlfbuftr8.jpg,1
1494,id_x7xig8u9xneyf.jpg,0
1495,id_x9hpmdpb4ylmd.jpg,0
1496,id_xacb6xbtge8bq.jpg,0
1499,id_xbfhdvsa65evj.jpg,0
1500,id_xcysbclszdw1j.jpg,0
1502,id_xevyo2dmt2za5.jpg,0
1505,id_xh3nudqkydd4w.jpg,0
1507,id_xhwh238ijn112.jpg,0
1508,id_xjduzi723vwkd.jpg,0
1509,id_xjwwa29hijllo.jpg,0
1510,id_xlry3bkn0i1wy.jpg,0
1513,id_xnk5ku5la871r.jpg,0
1514,id_xo52vvgyg2tw8.jpg,0
1515,id_xo59gmwvc7y4b.jpg,0
1516,id_xoszqfw7r7yns.jpg,0
1520,id_xsdtkxd4sfmmj.jpg,0
1521,id_xsg26ufcu17cv.jpg,0
1524,id_xxgmr69aynvy0.jpg,0
1526,id_xyd5wncqmmqiz.jpg,0
1528,id_xzusbomiobtgn.jpg,0
1531,id_y34yretfq7lcn.jpg,0
1532,id_y3hx730olw11m.jpg,0
1537,id_y8zgb1blvfj9m.jpg,0
1538,id_y9d943yk7mao5.jpg,0
1539,id_y9f78p4a4g50s.jpg,0
1541,id_yb7mlvqnk4n9h.jpg,0
1542,id_ybzlndvtkabxy.jpg,0
1543,id_ydied5uotf54j.jpg,0
1544,id_ydz4x57930z8g.jpg,0
1545,id_yexf7zq0hohgn.jpg,0
1548,id_yj535vsdl88r8.jpg,0
1550,id_yk2ifnjtbzutn.jpg,0
1554,id_yrvcif4x8wrnc.jpg,0
1555,id_ysb5aeq3zqfux.jpg,0
1557,id_yu8ztukyoulhd.jpg,0
1558,id_yva0vjavvepes.jpg,0
1560,id_yvwadf416e2g3.jpg,0
1561,id_yw55243fmn8yk.jpg,0
1565,id_yzdlrbld9ewbi.jpg,0
1568,id_z0acv12tapwj4.jpg,0
1571,id_z1rxxjgoew371.jpg,0
1572,id_z1sdqovelcxy3.jpg,0
1574,id_z25btxim2egxf.jpg,1
1577,id_z2xdxks2mabgl.jpg,0
1578,id_z5s2pp4rtt15v.jpg,1
1579,id_z6nut6nh699jx.jpg,0
1581,id_z8bmlrrsagx5b.jpg,0
1582,id_z8ljcrppb54i5.jpg,1
1584,id_z8qcphcsj2v7p.jpg,0
1586,id_zaefjbjcme81m.jpg,0
1587,id_zax4vo8uaw73l.jpg,0
1588,id_zbdls3u4epk2q.jpg,0
1589,id_zbzgkw14mdnlw.jpg,0
1592,id_zhizwrcgl6tnu.jpg,0
1594,id_zi85wl6irc5yx.jpg,0
1595,id_zj39k0wo0vz0p.jpg,0
1598,id_zkqo9tf2av5gw.jpg,0
1599,id_zku0n9fxgr9zl.jpg,0
1604,id_zqs366zt1qhsk.jpg,0
1605,id_zqvto0725ipyp.jpg,0
1607,id_zrf1msg5lku5s.jpg,0
1608,id_zsikh94rq4xhn.jpg,0
1609,id_zsnxlnf1wa805.jpg,0
1613,id_zsvdecgfick1x.jpg,0
1614,id_ztf4l3e8m6gmh.jpg,0
1616,id_ztue0lrjt4l4g.jpg,0
1617,id_zyubro5pfg31d.jpg,0
1618,id_zz20l1nlkrid7.jpg,0
